{"frames": [

{
	"filename": "boostBorderBackground.png",
	"frame": {"x":495,"y":11,"w":384,"h":128},
	"rotated": false,
	"trimmed": false,
	"spriteSourceSize": {"x":0,"y":0,"w":384,"h":128},
	"sourceSize": {"w":384,"h":128},
	"pivot": {"x":0.5,"y":0.5}
},
{
	"filename": "boostMain.png",
	"frame": {"x":11,"y":139,"w":378,"h":122},
	"rotated": false,
	"trimmed": true,
	"spriteSourceSize": {"x":3,"y":3,"w":378,"h":122},
	"sourceSize": {"w":384,"h":128},
	"pivot": {"x":0,"y":0.5}
},
{
	"filename": "car1.png",
	"frame": {"x":673,"y":431,"w":272,"h":82},
	"rotated": false,
	"trimmed": true,
	"spriteSourceSize": {"x":2,"y":3,"w":272,"h":82},
	"sourceSize": {"w":275,"h":85},
	"pivot": {"x":0.5,"y":0.5}
},
{
	"filename": "car2.png",
	"frame": {"x":389,"y":337,"w":272,"h":85},
	"rotated": false,
	"trimmed": true,
	"spriteSourceSize": {"x":2,"y":0,"w":272,"h":85},
	"sourceSize": {"w":275,"h":85},
	"pivot": {"x":0.5,"y":0.5}
},
{
	"filename": "dashBoost.png",
	"frame": {"x":779,"y":291,"w":128,"h":128},
	"rotated": false,
	"trimmed": false,
	"spriteSourceSize": {"x":0,"y":0,"w":128,"h":128},
	"sourceSize": {"w":128,"h":128},
	"pivot": {"x":0.5,"y":0.5}
},
{
	"filename": "ExtraJump.png",
	"frame": {"x":779,"y":151,"w":128,"h":128},
	"rotated": false,
	"trimmed": false,
	"spriteSourceSize": {"x":0,"y":0,"w":128,"h":128},
	"sourceSize": {"w":128,"h":128},
	"pivot": {"x":0.5,"y":0.5}
},
{
	"filename": "go.png",
	"frame": {"x":279,"y":511,"w":250,"h":95},
	"rotated": false,
	"trimmed": true,
	"spriteSourceSize": {"x":125,"y":85,"w":250,"h":95},
	"sourceSize": {"w":512,"h":256},
	"pivot": {"x":0.5,"y":0.5}
},
{
	"filename": "goal.png",
	"frame": {"x":11,"y":11,"w":472,"h":116},
	"rotated": false,
	"trimmed": true,
	"spriteSourceSize": {"x":15,"y":66,"w":472,"h":116},
	"sourceSize": {"w":512,"h":256},
	"pivot": {"x":0.5,"y":0.5}
},
{
	"filename": "goalMain.png",
	"frame": {"x":279,"y":618,"w":128,"h":128},
	"rotated": false,
	"trimmed": false,
	"spriteSourceSize": {"x":0,"y":0,"w":128,"h":128},
	"sourceSize": {"w":128,"h":128},
	"pivot": {"x":0.5,"y":0.5}
},
{
	"filename": "Grass.png",
	"frame": {"x":11,"y":459,"w":256,"h":256},
	"rotated": false,
	"trimmed": false,
	"spriteSourceSize": {"x":0,"y":0,"w":256,"h":256},
	"sourceSize": {"w":256,"h":256},
	"pivot": {"x":0.5,"y":0.5}
},
{
	"filename": "gray.png",
	"frame": {"x":279,"y":758,"w":128,"h":128},
	"rotated": false,
	"trimmed": false,
	"spriteSourceSize": {"x":0,"y":0,"w":128,"h":128},
	"sourceSize": {"w":128,"h":128},
	"pivot": {"x":0.5,"y":0.5}
},
{
	"filename": "infiniteBoost.png",
	"frame": {"x":419,"y":618,"w":128,"h":128},
	"rotated": false,
	"trimmed": false,
	"spriteSourceSize": {"x":0,"y":0,"w":128,"h":128},
	"sourceSize": {"w":128,"h":128},
	"pivot": {"x":0.5,"y":0.5}
},
{
	"filename": "largeBoost.png",
	"frame": {"x":419,"y":758,"w":128,"h":128},
	"rotated": false,
	"trimmed": false,
	"spriteSourceSize": {"x":0,"y":0,"w":128,"h":128},
	"sourceSize": {"w":128,"h":128},
	"pivot": {"x":0.5,"y":0.5}
},
{
	"filename": "lowGravity.png",
	"frame": {"x":559,"y":525,"w":128,"h":128},
	"rotated": false,
	"trimmed": false,
	"spriteSourceSize": {"x":0,"y":0,"w":128,"h":128},
	"sourceSize": {"w":128,"h":128},
	"pivot": {"x":0.5,"y":0.5}
},
{
	"filename": "PowerUpPlatformGreen.png",
	"frame": {"x":891,"y":11,"w":73,"h":33},
	"rotated": false,
	"trimmed": true,
	"spriteSourceSize": {"x":27,"y":52,"w":73,"h":33},
	"sourceSize": {"w":128,"h":128},
	"pivot": {"x":0.5,"y":0.5}
},
{
	"filename": "ready.png",
	"frame": {"x":389,"y":434,"w":257,"h":65},
	"rotated": false,
	"trimmed": true,
	"spriteSourceSize": {"x":123,"y":100,"w":257,"h":65},
	"sourceSize": {"w":512,"h":256},
	"pivot": {"x":0.5,"y":0.5}
},
{
	"filename": "smallBoost.png",
	"frame": {"x":699,"y":525,"w":128,"h":128},
	"rotated": false,
	"trimmed": false,
	"spriteSourceSize": {"x":0,"y":0,"w":128,"h":128},
	"sourceSize": {"w":128,"h":128},
	"pivot": {"x":0.5,"y":0.5}
},
{
	"filename": "SoccerBall.png",
	"frame": {"x":11,"y":727,"w":256,"h":256},
	"rotated": false,
	"trimmed": false,
	"spriteSourceSize": {"x":0,"y":0,"w":256,"h":256},
	"sourceSize": {"w":256,"h":256},
	"pivot": {"x":0.5,"y":0.5}
},
{
	"filename": "speedBoostV2.png",
	"frame": {"x":839,"y":525,"w":128,"h":128},
	"rotated": false,
	"trimmed": false,
	"spriteSourceSize": {"x":0,"y":0,"w":128,"h":128},
	"sourceSize": {"w":128,"h":128},
	"pivot": {"x":0.5,"y":0.5}
},
{
	"filename": "WinnerP1.png",
	"frame": {"x":401,"y":151,"w":366,"h":174},
	"rotated": false,
	"trimmed": true,
	"spriteSourceSize": {"x":67,"y":45,"w":366,"h":174},
	"sourceSize": {"w":512,"h":256},
	"pivot": {"x":0.5,"y":0.5}
},
{
	"filename": "WinnerP2.png",
	"frame": {"x":11,"y":273,"w":366,"h":174},
	"rotated": false,
	"trimmed": true,
	"spriteSourceSize": {"x":67,"y":45,"w":366,"h":174},
	"sourceSize": {"w":512,"h":256},
	"pivot": {"x":0.5,"y":0.5}
}],
"meta": {
	"app": "http://www.codeandweb.com/texturepacker",
	"version": "1.0",
	"image": "RocketBallSprites.png",
	"format": "RGBA8888",
	"size": {"w":1024,"h":1024},
	"scale": "1",
	"smartupdate": "$TexturePacker:SmartUpdate:11c4ad9b086ff2308dad1351eca8e62d:833be635cdd5b9ca8f1fb8f4a9d6699d:abc763de9f831949696569c25140e526$"
}
}
